V_GS,V_DS,I_DS
0.0,0.0,6.499139e-11
0.0,0.2,2.99192e-12
0.0,0.4,3.19906e-12
0.0,0.6000000000000001,3.399788e-12
0.0,0.8,3.599924e-12
0.0,1.0,3.800024e-12
0.0,1.2,4.000049e-12
0.0,1.4,4.200037e-12
0.0,1.6,4.400099e-12
0.0,1.8,4.600087e-12
0.0,2.0,4.800076e-12
0.0,2.2,5.000064e-12
0.0,2.4,5.200052e-12
0.0,2.6,5.399892e-12
0.0,2.8,5.59988e-12
0.0,3.0,5.799868e-12
0.0,3.2,5.999856e-12
0.0,3.4,6.199993e-12
0.0,3.6,6.399833e-12
0.0,3.8,6.599969e-12
0.0,4.0,6.799809e-12
0.0,4.2,6.999797e-12
0.0,4.4,7.199638e-12
0.0,4.600000000000001,7.399774e-12
0.0,4.800000000000001,7.59991e-12
0.0,5.0,7.79975e-12
0.0,5.2,7.999591e-12
0.0,5.4,8.199726e-12
0.0,5.600000000000001,8.399862e-12
0.0,5.800000000000001,8.599703e-12
0.0,6.0,8.799543e-12
0.0,6.2,8.999975e-12
0.0,6.4,9.199815e-12
0.0,6.600000000000001,9.399656e-12
0.0,6.800000000000001,9.599791e-12
0.0,7.0,9.799928e-12
0.0,7.2,9.999768e-12
0.0,7.4,1.019961e-11
0.0,7.600000000000001,1.039974e-11
0.0,7.800000000000001,1.059958e-11
0.0,8.0,1.079972e-11
0.0,8.200000000000001,1.099986e-11
0.0,8.4,1.119999e-11
0.0,8.6,1.139954e-11
0.0,8.8,1.159967e-11
0.0,9.0,1.179922e-11
0.0,9.200000000000001,1.199935e-11
0.0,9.4,1.219949e-11
0.0,9.600000000000001,1.239963e-11
0.0,9.8,1.259976e-11
0.0,10.0,1.27999e-11
0.2,0.0,-1.527339e-28
0.2,0.2,2.995314e-12
0.2,0.4,3.202454e-12
0.2,0.6000000000000001,3.403182e-12
0.2,0.8,3.603318e-12
0.2,1.0,3.803418e-12
0.2,1.2,4.003443e-12
0.2,1.4,4.203431e-12
0.2,1.6,4.403493e-12
0.2,1.8,4.603481e-12
0.2,2.0,4.803469e-12
0.2,2.2,5.003458e-12
0.2,2.4,5.203446e-12
0.2,2.6,5.403286e-12
0.2,2.8,5.603274e-12
0.2,3.0,5.803262e-12
0.2,3.2,6.00325e-12
0.2,3.4,6.203387e-12
0.2,3.6,6.403227e-12
0.2,3.8,6.603363e-12
0.2,4.0,6.803203e-12
0.2,4.2,7.003191e-12
0.2,4.4,7.203032e-12
0.2,4.600000000000001,7.403167e-12
0.2,4.800000000000001,7.603304e-12
0.2,5.0,7.803144e-12
0.2,5.2,8.002985e-12
0.2,5.4,8.20312e-12
0.2,5.600000000000001,8.403256e-12
0.2,5.800000000000001,8.603097e-12
0.2,6.0,8.802937e-12
0.2,6.2,9.003369e-12
0.2,6.4,9.203209e-12
0.2,6.600000000000001,9.40305e-12
0.2,6.800000000000001,9.603185e-12
0.2,7.0,9.803322e-12
0.2,7.2,1.000316e-11
0.2,7.4,1.0203e-11
0.2,7.600000000000001,1.040314e-11
0.2,7.800000000000001,1.060298e-11
0.2,8.0,1.080311e-11
0.2,8.200000000000001,1.100325e-11
0.2,8.4,1.120339e-11
0.2,8.6,1.140293e-11
0.2,8.8,1.160307e-11
0.2,9.0,1.180261e-11
0.2,9.200000000000001,1.200275e-11
0.2,9.4,1.220288e-11
0.2,9.600000000000001,1.240302e-11
0.2,9.8,1.260316e-11
0.2,10.0,1.280329e-11
0.4,0.0,-1.527339e-28
0.4,0.2,3.180612e-12
0.4,0.4,3.387752e-12
0.4,0.6000000000000001,3.58848e-12
0.4,0.8,3.788617e-12
0.4,1.0,3.988716e-12
0.4,1.2,4.188741e-12
0.4,1.4,4.388729e-12
0.4,1.6,4.588792e-12
0.4,1.8,4.78878e-12
0.4,2.0,4.988768e-12
0.4,2.2,5.188756e-12
0.4,2.4,5.388744e-12
0.4,2.6,5.588584e-12
0.4,2.8,5.788572e-12
0.4,3.0,5.988561e-12
0.4,3.2,6.188549e-12
0.4,3.4,6.388685e-12
0.4,3.6,6.588525e-12
0.4,3.8,6.788661e-12
0.4,4.0,6.988501e-12
0.4,4.2,7.18849e-12
0.4,4.4,7.38833e-12
0.4,4.600000000000001,7.588466e-12
0.4,4.800000000000001,7.788602e-12
0.4,5.0,7.988442e-12
0.4,5.2,8.188283e-12
0.4,5.4,8.388418e-12
0.4,5.600000000000001,8.588555e-12
0.4,5.800000000000001,8.788395e-12
0.4,6.0,8.988236e-12
0.4,6.2,9.188667e-12
0.4,6.4,9.388507e-12
0.4,6.600000000000001,9.588347e-12
0.4,6.800000000000001,9.788484e-12
0.4,7.0,9.98862e-12
0.4,7.2,1.018846e-11
0.4,7.4,1.03883e-11
0.4,7.600000000000001,1.058844e-11
0.4,7.800000000000001,1.078828e-11
0.4,8.0,1.098841e-11
0.4,8.200000000000001,1.118855e-11
0.4,8.4,1.138869e-11
0.4,8.6,1.158823e-11
0.4,8.8,1.178837e-11
0.4,9.0,1.198791e-11
0.4,9.200000000000001,1.218805e-11
0.4,9.4,1.238818e-11
0.4,9.600000000000001,1.258832e-11
0.4,9.8,1.278845e-11
0.4,10.0,1.298859e-11
0.6,0.0,-4.960243e-38
0.6,0.2,1.329716e-11
0.6,0.4,1.35043e-11
0.6,0.6000000000000001,1.370502e-11
0.6,0.8,1.390516e-11
0.6,1.0,1.410526e-11
0.6,1.2,1.430529e-11
0.6,1.4,1.450527e-11
0.6,1.6,1.470534e-11
0.6,1.8,1.490532e-11
0.6,2.0,1.510531e-11
0.6,2.2,1.53053e-11
0.6,2.4,1.550529e-11
0.6,2.6,1.570513e-11
0.6,2.8,1.590512e-11
0.6,3.0,1.610511e-11
0.6,3.2,1.630509e-11
0.6,3.4,1.650523e-11
0.6,3.6,1.670507e-11
0.6,3.8,1.690521e-11
0.6,4.0,1.710505e-11
0.6,4.2,1.730503e-11
0.6,4.4,1.750487e-11
0.6,4.600000000000001,1.770501e-11
0.6,4.800000000000001,1.790515e-11
0.6,5.0,1.810499e-11
0.6,5.2,1.830483e-11
0.6,5.4,1.850496e-11
0.6,5.600000000000001,1.87051e-11
0.6,5.800000000000001,1.890494e-11
0.6,6.0,1.910478e-11
0.6,6.2,1.930521e-11
0.6,6.4,1.950505e-11
0.6,6.600000000000001,1.970489e-11
0.6,6.800000000000001,1.990503e-11
0.6,7.0,2.010516e-11
0.6,7.2,2.0305e-11
0.6,7.4,2.050484e-11
0.6,7.600000000000001,2.070498e-11
0.6,7.800000000000001,2.090482e-11
0.6,8.0,2.110496e-11
0.6,8.200000000000001,2.130509e-11
0.6,8.4,2.150523e-11
0.6,8.6,2.170477e-11
0.6,8.8,2.190491e-11
0.6,9.0,2.210445e-11
0.6,9.200000000000001,2.230459e-11
0.6,9.4,2.250473e-11
0.6,9.600000000000001,2.270486e-11
0.6,9.8,2.2905e-11
0.6,10.0,2.310514e-11
0.8,0.0,-4.960243e-38
0.8,0.2,5.65479e-10
0.8,0.4,5.656862e-10
0.8,0.6000000000000001,5.658869e-10
0.8,0.8,5.66087e-10
0.8,1.0,5.662871e-10
0.8,1.2,5.664871e-10
0.8,1.4,5.666871e-10
0.8,1.6,5.668872e-10
0.8,1.8,5.670872e-10
0.8,2.0,5.672872e-10
0.8,2.2,5.674872e-10
0.8,2.4,5.676872e-10
0.8,2.6,5.67887e-10
0.8,2.8,5.68087e-10
0.8,3.0,5.68287e-10
0.8,3.2,5.68487e-10
0.8,3.4,5.686871e-10
0.8,3.6,5.688869e-10
0.8,3.8,5.690871e-10
0.8,4.0,5.692869e-10
0.8,4.2,5.694869e-10
0.8,4.4,5.696867e-10
0.8,4.600000000000001,5.698869e-10
0.8,4.800000000000001,5.70087e-10
0.8,5.0,5.702869e-10
0.8,5.2,5.704867e-10
0.8,5.4,5.706868e-10
0.8,5.600000000000001,5.708869e-10
0.8,5.800000000000001,5.710868e-10
0.8,6.0,5.712866e-10
0.8,6.2,5.714871e-10
0.8,6.4,5.716869e-10
0.8,6.600000000000001,5.718868e-10
0.8,6.800000000000001,5.720869e-10
0.8,7.0,5.722871e-10
0.8,7.2,5.724869e-10
0.8,7.4,5.726867e-10
0.8,7.600000000000001,5.728868e-10
0.8,7.800000000000001,5.730867e-10
0.8,8.0,5.732868e-10
0.8,8.200000000000001,5.73487e-10
0.8,8.4,5.736871e-10
0.8,8.6,5.738867e-10
0.8,8.8,5.740868e-10
0.8,9.0,5.742863e-10
0.8,9.200000000000001,5.744865e-10
0.8,9.4,5.746866e-10
0.8,9.600000000000001,5.748867e-10
0.8,9.8,5.750869e-10
0.8,10.0,5.75287e-10
1.0,0.0,-1.527339e-28
1.0,0.2,3.064804e-08
1.0,0.4,3.064825e-08
1.0,0.6000000000000001,3.064845e-08
1.0,0.8,3.064865e-08
1.0,1.0,3.064885e-08
1.0,1.2,3.064905e-08
1.0,1.4,3.064925e-08
1.0,1.6,3.064945e-08
1.0,1.8,3.064965e-08
1.0,2.0,3.064985e-08
1.0,2.2,3.065005e-08
1.0,2.4,3.065025e-08
1.0,2.6,3.065045e-08
1.0,2.8,3.065065e-08
1.0,3.0,3.065085e-08
1.0,3.2,3.065105e-08
1.0,3.4,3.065125e-08
1.0,3.6,3.065145e-08
1.0,3.8,3.065165e-08
1.0,4.0,3.065185e-08
1.0,4.2,3.065205e-08
1.0,4.4,3.065225e-08
1.0,4.600000000000001,3.065245e-08
1.0,4.800000000000001,3.065265e-08
1.0,5.0,3.065285e-08
1.0,5.2,3.065305e-08
1.0,5.4,3.065325e-08
1.0,5.600000000000001,3.065345e-08
1.0,5.800000000000001,3.065365e-08
1.0,6.0,3.065385e-08
1.0,6.2,3.065405e-08
1.0,6.4,3.065425e-08
1.0,6.600000000000001,3.065445e-08
1.0,6.800000000000001,3.065465e-08
1.0,7.0,3.065485e-08
1.0,7.2,3.065505e-08
1.0,7.4,3.065525e-08
1.0,7.600000000000001,3.065545e-08
1.0,7.800000000000001,3.065565e-08
1.0,8.0,3.065585e-08
1.0,8.200000000000001,3.065605e-08
1.0,8.4,3.065625e-08
1.0,8.6,3.065645e-08
1.0,8.8,3.065665e-08
1.0,9.0,3.065685e-08
1.0,9.200000000000001,3.065705e-08
1.0,9.4,3.065725e-08
1.0,9.600000000000001,3.065745e-08
1.0,9.8,3.065765e-08
1.0,10.0,3.065785e-08
1.2,0.0,-1.527339e-28
1.2,0.2,1.647006e-06
1.2,0.4,1.647006e-06
1.2,0.6000000000000001,1.647006e-06
1.2,0.8,1.647006e-06
1.2,1.0,1.647006e-06
1.2,1.2,1.647007e-06
1.2,1.4,1.647007e-06
1.2,1.6,1.647007e-06
1.2,1.8,1.647007e-06
1.2,2.0,1.647007e-06
1.2,2.2,1.647008e-06
1.2,2.4,1.647008e-06
1.2,2.6,1.647008e-06
1.2,2.8,1.647008e-06
1.2,3.0,1.647008e-06
1.2,3.2,1.647009e-06
1.2,3.4,1.647009e-06
1.2,3.6,1.647009e-06
1.2,3.8,1.647009e-06
1.2,4.0,1.647009e-06
1.2,4.2,1.64701e-06
1.2,4.4,1.64701e-06
1.2,4.600000000000001,1.64701e-06
1.2,4.800000000000001,1.64701e-06
1.2,5.0,1.64701e-06
1.2,5.2,1.647011e-06
1.2,5.4,1.647011e-06
1.2,5.600000000000001,1.647011e-06
1.2,5.800000000000001,1.647011e-06
1.2,6.0,1.647011e-06
1.2,6.2,1.647012e-06
1.2,6.4,1.647012e-06
1.2,6.600000000000001,1.647012e-06
1.2,6.800000000000001,1.647012e-06
1.2,7.0,1.647012e-06
1.2,7.2,1.647013e-06
1.2,7.4,1.647013e-06
1.2,7.600000000000001,1.647013e-06
1.2,7.800000000000001,1.647013e-06
1.2,8.0,1.647013e-06
1.2,8.200000000000001,1.647014e-06
1.2,8.4,1.647014e-06
1.2,8.6,1.647014e-06
1.2,8.8,1.647014e-06
1.2,9.0,1.647014e-06
1.2,9.200000000000001,1.647015e-06
1.2,9.4,1.647015e-06
1.2,9.600000000000001,1.647015e-06
1.2,9.8,1.647015e-06
1.2,10.0,1.647015e-06
1.4,0.0,-1.527339e-28
1.4,0.2,8.033511e-05
1.4,0.4,8.033511e-05
1.4,0.6000000000000001,8.033511e-05
1.4,0.8,8.033511e-05
1.4,1.0,8.033511e-05
1.4,1.2,8.033511e-05
1.4,1.4,8.033511e-05
1.4,1.6,8.033511e-05
1.4,1.8,8.033511e-05
1.4,2.0,8.033511e-05
1.4,2.2,8.033511e-05
1.4,2.4,8.033511e-05
1.4,2.6,8.033511e-05
1.4,2.8,8.033511e-05
1.4,3.0,8.033511e-05
1.4,3.2,8.033511e-05
1.4,3.4,8.033511e-05
1.4,3.6,8.033511e-05
1.4,3.8,8.033511e-05
1.4,4.0,8.033511e-05
1.4,4.2,8.033511e-05
1.4,4.4,8.033511e-05
1.4,4.600000000000001,8.033511e-05
1.4,4.800000000000001,8.033511e-05
1.4,5.0,8.033511e-05
1.4,5.2,8.033511e-05
1.4,5.4,8.033511e-05
1.4,5.600000000000001,8.033511e-05
1.4,5.800000000000001,8.033511e-05
1.4,6.0,8.033511e-05
1.4,6.2,8.033511e-05
1.4,6.4,8.033511e-05
1.4,6.600000000000001,8.033511e-05
1.4,6.800000000000001,8.033511e-05
1.4,7.0,8.033511e-05
1.4,7.2,8.033511e-05
1.4,7.4,8.033511e-05
1.4,7.600000000000001,8.033511e-05
1.4,7.800000000000001,8.033511e-05
1.4,8.0,8.033511e-05
1.4,8.200000000000001,8.033511e-05
1.4,8.4,8.033511e-05
1.4,8.6,8.033511e-05
1.4,8.8,8.033511e-05
1.4,9.0,8.033511e-05
1.4,9.200000000000001,8.033511e-05
1.4,9.4,8.033511e-05
1.4,9.600000000000001,8.033511e-05
1.4,9.8,8.033511e-05
1.4,10.0,8.033511e-05
1.6,0.0,-1.527339e-28
1.6,0.2,0.002264474
1.6,0.4,0.002264474
1.6,0.6000000000000001,0.002264474
1.6,0.8,0.002264474
1.6,1.0,0.002264474
1.6,1.2,0.002264474
1.6,1.4,0.002264474
1.6,1.6,0.002264474
1.6,1.8,0.002264474
1.6,2.0,0.002264474
1.6,2.2,0.002264474
1.6,2.4,0.002264474
1.6,2.6,0.002264474
1.6,2.8,0.002264474
1.6,3.0,0.002264474
1.6,3.2,0.002264474
1.6,3.4,0.002264474
1.6,3.6,0.002264474
1.6,3.8,0.002264474
1.6,4.0,0.002264474
1.6,4.2,0.002264474
1.6,4.4,0.002264474
1.6,4.600000000000001,0.002264474
1.6,4.800000000000001,0.002264474
1.6,5.0,0.002264474
1.6,5.2,0.002264474
1.6,5.4,0.002264474
1.6,5.600000000000001,0.002264474
1.6,5.800000000000001,0.002264474
1.6,6.0,0.002264474
1.6,6.2,0.002264474
1.6,6.4,0.002264474
1.6,6.600000000000001,0.002264474
1.6,6.800000000000001,0.002264474
1.6,7.0,0.002264474
1.6,7.2,0.002264474
1.6,7.4,0.002264474
1.6,7.600000000000001,0.002264474
1.6,7.800000000000001,0.002264474
1.6,8.0,0.002264474
1.6,8.200000000000001,0.002264474
1.6,8.4,0.002264474
1.6,8.6,0.002264474
1.6,8.8,0.002264474
1.6,9.0,0.002264474
1.6,9.200000000000001,0.002264474
1.6,9.4,0.002264474
1.6,9.600000000000001,0.002264474
1.6,9.8,0.002264474
1.6,10.0,0.002264474
1.8,0.0,-1.527339e-28
1.8,0.2,0.0160845
1.8,0.4,0.01727172
1.8,0.6000000000000001,0.01727218
1.8,0.8,0.0172717
1.8,1.0,0.0172717
1.8,1.2,0.0172717
1.8,1.4,0.0172717
1.8,1.6,0.0172717
1.8,1.8,0.0172717
1.8,2.0,0.0172717
1.8,2.2,0.0172717
1.8,2.4,0.0172717
1.8,2.6,0.0172717
1.8,2.8,0.0172717
1.8,3.0,0.0172717
1.8,3.2,0.0172717
1.8,3.4,0.0172717
1.8,3.6,0.0172717
1.8,3.8,0.0172717
1.8,4.0,0.0172717
1.8,4.2,0.0172717
1.8,4.4,0.0172717
1.8,4.600000000000001,0.0172717
1.8,4.800000000000001,0.0172717
1.8,5.0,0.0172717
1.8,5.2,0.0172717
1.8,5.4,0.0172717
1.8,5.600000000000001,0.0172717
1.8,5.800000000000001,0.0172717
1.8,6.0,0.0172717
1.8,6.2,0.0172717
1.8,6.4,0.0172717
1.8,6.600000000000001,0.0172717
1.8,6.800000000000001,0.0172717
1.8,7.0,0.0172717
1.8,7.2,0.0172717
1.8,7.4,0.0172717
1.8,7.600000000000001,0.0172717
1.8,7.800000000000001,0.0172717
1.8,8.0,0.0172717
1.8,8.200000000000001,0.0172717
1.8,8.4,0.0172717
1.8,8.6,0.0172717
1.8,8.8,0.0172717
1.8,9.0,0.0172717
1.8,9.200000000000001,0.0172717
1.8,9.4,0.0172717
1.8,9.600000000000001,0.0172717
1.8,9.8,0.0172717
1.8,10.0,0.0172717
2.0,0.0,-1.527339e-28
2.0,0.2,0.02696474
2.0,0.4,0.04549009
2.0,0.6000000000000001,0.04962763
2.0,0.8,0.04963789
2.0,1.0,0.0496276
2.0,1.2,0.04962759
2.0,1.4,0.04962759
2.0,1.6,0.04962759
2.0,1.8,0.04962759
2.0,2.0,0.04962759
2.0,2.2,0.04962759
2.0,2.4,0.04962759
2.0,2.6,0.04962759
2.0,2.8,0.04962759
2.0,3.0,0.04962759
2.0,3.2,0.04962759
2.0,3.4,0.04962759
2.0,3.6,0.04962759
2.0,3.8,0.04962759
2.0,4.0,0.04962759
2.0,4.2,0.04962759
2.0,4.4,0.04962759
2.0,4.600000000000001,0.04962759
2.0,4.800000000000001,0.04962759
2.0,5.0,0.04962759
2.0,5.2,0.04962759
2.0,5.4,0.04962759
2.0,5.600000000000001,0.04962759
2.0,5.800000000000001,0.04962759
2.0,6.0,0.04962759
2.0,6.2,0.04962759
2.0,6.4,0.04962759
2.0,6.600000000000001,0.04962759
2.0,6.800000000000001,0.04962759
2.0,7.0,0.04962759
2.0,7.2,0.04962759
2.0,7.4,0.04962759
2.0,7.600000000000001,0.04962759
2.0,7.800000000000001,0.04962759
2.0,8.0,0.04962759
2.0,8.200000000000001,0.04962759
2.0,8.4,0.04962759
2.0,8.6,0.04962759
2.0,8.8,0.04962759
2.0,9.0,0.04962759
2.0,9.200000000000001,0.04962759
2.0,9.4,0.04962759
2.0,9.600000000000001,0.04962759
2.0,9.8,0.04962759
2.0,10.0,0.04962759
2.2,0.0,-1.527339e-28
2.2,0.2,0.0324648
2.2,0.4,0.06071215
2.2,0.6000000000000001,0.08251333
2.2,0.8,0.09339008
2.2,1.0,0.09364439
2.2,1.2,0.09364439
2.2,1.4,0.09364438
2.2,1.6,0.09364438
2.2,1.8,0.09364438
2.2,2.0,0.09364438
2.2,2.2,0.09364438
2.2,2.4,0.09364438
2.2,2.6,0.09364438
2.2,2.8,0.09364438
2.2,3.0,0.09364438
2.2,3.2,0.09364438
2.2,3.4,0.09364438
2.2,3.6,0.09364438
2.2,3.8,0.09364438
2.2,4.0,0.09364438
2.2,4.2,0.09364438
2.2,4.4,0.09364438
2.2,4.600000000000001,0.09364438
2.2,4.800000000000001,0.09364438
2.2,5.0,0.09364438
2.2,5.2,0.09364438
2.2,5.4,0.09364438
2.2,5.600000000000001,0.09364438
2.2,5.800000000000001,0.09364438
2.2,6.0,0.09364438
2.2,6.2,0.09364438
2.2,6.4,0.09364438
2.2,6.600000000000001,0.09364438
2.2,6.800000000000001,0.09364438
2.2,7.0,0.09364438
2.2,7.2,0.09364438
2.2,7.4,0.09364438
2.2,7.600000000000001,0.09364438
2.2,7.800000000000001,0.09364438
2.2,8.0,0.09364438
2.2,8.200000000000001,0.09364438
2.2,8.4,0.09364438
2.2,8.6,0.09364438
2.2,8.8,0.09364438
2.2,9.0,0.09364438
2.2,9.200000000000001,0.09364438
2.2,9.4,0.09364438
2.2,9.600000000000001,0.09364438
2.2,9.8,0.09364438
2.2,10.0,0.09364438
2.4,0.0,-1.527339e-28
2.4,0.2,0.03566911
2.4,0.4,0.0688303
2.4,0.6000000000000001,0.09855029
2.4,0.8,0.123309
2.4,1.0,0.1404234
2.4,1.2,0.1453844
2.4,1.4,0.1452738
2.4,1.6,0.1452573
2.4,1.8,0.1452573
2.4,2.0,0.1452573
2.4,2.2,0.1452573
2.4,2.4,0.1452573
2.4,2.6,0.1452573
2.4,2.8,0.1452573
2.4,3.0,0.1452573
2.4,3.2,0.1452573
2.4,3.4,0.1452573
2.4,3.6,0.1452573
2.4,3.8,0.1452573
2.4,4.0,0.1452573
2.4,4.2,0.1452573
2.4,4.4,0.1452573
2.4,4.600000000000001,0.1452573
2.4,4.800000000000001,0.1452573
2.4,5.0,0.1452573
2.4,5.2,0.1452573
2.4,5.4,0.1452573
2.4,5.600000000000001,0.1452573
2.4,5.800000000000001,0.1452573
2.4,6.0,0.1452573
2.4,6.2,0.1452573
2.4,6.4,0.1452573
2.4,6.600000000000001,0.1452573
2.4,6.800000000000001,0.1452573
2.4,7.0,0.1452573
2.4,7.2,0.1452573
2.4,7.4,0.1452573
2.4,7.600000000000001,0.1452573
2.4,7.800000000000001,0.1452573
2.4,8.0,0.1452573
2.4,8.200000000000001,0.1452573
2.4,8.4,0.1452573
2.4,8.6,0.1452573
2.4,8.8,0.1452573
2.4,9.0,0.1452573
2.4,9.200000000000001,0.1452573
2.4,9.4,0.1452573
2.4,9.600000000000001,0.1452573
2.4,9.8,0.1452573
2.4,10.0,0.1452573
2.6,0.0,-1.527339e-28
2.6,0.2,0.03775465
2.6,0.4,0.07384861
2.6,0.6000000000000001,0.1078042
2.6,0.8,0.1389231
2.6,1.0,0.1661443
2.6,1.2,0.1877459
2.6,1.4,0.2006683
2.6,1.6,0.2024019
2.6,1.8,0.2022871
2.6,2.0,0.2022855
2.6,2.2,0.2022855
2.6,2.4,0.2022855
2.6,2.6,0.2022855
2.6,2.8,0.2022855
2.6,3.0,0.2022855
2.6,3.2,0.2022855
2.6,3.4,0.2022855
2.6,3.6,0.2022855
2.6,3.8,0.2022855
2.6,4.0,0.2022855
2.6,4.2,0.2022855
2.6,4.4,0.2022855
2.6,4.600000000000001,0.2022855
2.6,4.800000000000001,0.2022855
2.6,5.0,0.2022855
2.6,5.2,0.2022855
2.6,5.4,0.2022855
2.6,5.600000000000001,0.2022855
2.6,5.800000000000001,0.2022855
2.6,6.0,0.2022855
2.6,6.2,0.2022855
2.6,6.4,0.2022855
2.6,6.600000000000001,0.2022855
2.6,6.800000000000001,0.2022855
2.6,7.0,0.2022855
2.6,7.2,0.2022855
2.6,7.4,0.2022855
2.6,7.600000000000001,0.2022855
2.6,7.800000000000001,0.2022855
2.6,8.0,0.2022855
2.6,8.200000000000001,0.2022855
2.6,8.4,0.2022855
2.6,8.6,0.2022855
2.6,8.8,0.2022855
2.6,9.0,0.2022855
2.6,9.200000000000001,0.2022855
2.6,9.4,0.2022855
2.6,9.600000000000001,0.2022855
2.6,9.8,0.2022855
2.6,10.0,0.2022855
2.8,0.0,-1.527339e-28
2.8,0.2,0.03921949
2.8,0.4,0.07725826
2.8,0.6000000000000001,0.1138394
2.8,0.8,0.1485848
2.8,1.0,0.1809666
2.8,1.2,0.2102194
2.8,1.4,0.2351776
2.8,1.6,0.2539483
2.8,1.8,0.2631587
2.8,2.0,0.2635216
2.8,2.2,0.2634442
2.8,2.4,0.2634442
2.8,2.6,0.2634442
2.8,2.8,0.2634442
2.8,3.0,0.2634442
2.8,3.2,0.2634442
2.8,3.4,0.2634442
2.8,3.6,0.2634442
2.8,3.8,0.2634442
2.8,4.0,0.2634442
2.8,4.2,0.2634442
2.8,4.4,0.2634442
2.8,4.600000000000001,0.2634442
2.8,4.800000000000001,0.2634442
2.8,5.0,0.2634442
2.8,5.2,0.2634442
2.8,5.4,0.2634442
2.8,5.600000000000001,0.2634442
2.8,5.800000000000001,0.2634442
2.8,6.0,0.2634442
2.8,6.2,0.2634442
2.8,6.4,0.2634442
2.8,6.600000000000001,0.2634442
2.8,6.800000000000001,0.2634442
2.8,7.0,0.2634442
2.8,7.2,0.2634442
2.8,7.4,0.2634442
2.8,7.600000000000001,0.2634442
2.8,7.800000000000001,0.2634442
2.8,8.0,0.2634442
2.8,8.200000000000001,0.2634442
2.8,8.4,0.2634442
2.8,8.6,0.2634442
2.8,8.8,0.2634442
2.8,9.0,0.2634442
2.8,9.200000000000001,0.2634442
2.8,9.4,0.2634442
2.8,9.600000000000001,0.2634442
2.8,9.8,0.2634442
2.8,10.0,0.2634442
3.0,0.0,-1.527339e-28
3.0,0.2,0.04030501
3.0,0.4,0.07972734
3.0,0.6000000000000001,0.1180922
3.0,0.8,0.1551719
3.0,1.0,0.1906658
3.0,1.2,0.2241669
3.0,1.4,0.2551069
3.0,1.6,0.2826626
3.0,1.8,0.3055815
3.0,2.0,0.3218307
3.0,2.2,0.3278701
3.0,2.4,0.3279341
3.0,2.6,0.3278986
3.0,2.8,0.3278986
3.0,3.0,0.3278986
3.0,3.2,0.3278986
3.0,3.4,0.3278986
3.0,3.6,0.3278986
3.0,3.8,0.3278986
3.0,4.0,0.3278986
3.0,4.2,0.3278986
3.0,4.4,0.3278986
3.0,4.600000000000001,0.3278986
3.0,4.800000000000001,0.3278986
3.0,5.0,0.3278986
3.0,5.2,0.3278986
3.0,5.4,0.3278986
3.0,5.600000000000001,0.3278986
3.0,5.800000000000001,0.3278986
3.0,6.0,0.3278986
3.0,6.2,0.3278986
3.0,6.4,0.3278986
3.0,6.600000000000001,0.3278986
3.0,6.800000000000001,0.3278986
3.0,7.0,0.3278986
3.0,7.2,0.3278986
3.0,7.4,0.3278986
3.0,7.600000000000001,0.3278986
3.0,7.800000000000001,0.3278986
3.0,8.0,0.3278986
3.0,8.200000000000001,0.3278986
3.0,8.4,0.3278986
3.0,8.6,0.3278986
3.0,8.8,0.3278986
3.0,9.0,0.3278986
3.0,9.200000000000001,0.3278986
3.0,9.4,0.3278986
3.0,9.600000000000001,0.3278986
3.0,9.8,0.3278986
3.0,10.0,0.3278986
3.2,0.0,-1.527339e-28
3.2,0.2,0.04114178
3.2,0.4,0.08159866
3.2,0.6000000000000001,0.1212533
3.2,0.8,0.1599578
3.2,1.0,0.1975248
3.2,1.2,0.2337121
3.2,1.4,0.2682001
3.2,1.6,0.3005565
3.2,1.8,0.330179
3.2,2.0,0.3561965
3.2,2.2,0.3772863
3.2,2.4,0.3913048
3.2,2.6,0.3951748
3.2,2.8,0.3950792
3.2,3.0,0.3950664
3.2,3.2,0.3950664
3.2,3.4,0.3950664
3.2,3.6,0.3950664
3.2,3.8,0.3950664
3.2,4.0,0.3950664
3.2,4.2,0.3950664
3.2,4.4,0.3950664
3.2,4.600000000000001,0.3950664
3.2,4.800000000000001,0.3950664
3.2,5.0,0.3950664
3.2,5.2,0.3950664
3.2,5.4,0.3950664
3.2,5.600000000000001,0.3950664
3.2,5.800000000000001,0.3950664
3.2,6.0,0.3950664
3.2,6.2,0.3950664
3.2,6.4,0.3950664
3.2,6.600000000000001,0.3950664
3.2,6.800000000000001,0.3950664
3.2,7.0,0.3950664
3.2,7.2,0.3950664
3.2,7.4,0.3950664
3.2,7.600000000000001,0.3950664
3.2,7.800000000000001,0.3950664
3.2,8.0,0.3950664
3.2,8.200000000000001,0.3950664
3.2,8.4,0.3950664
3.2,8.6,0.3950664
3.2,8.8,0.3950664
3.2,9.0,0.3950664
3.2,9.200000000000001,0.3950664
3.2,9.4,0.3950664
3.2,9.600000000000001,0.3950664
3.2,9.8,0.3950664
3.2,10.0,0.3950664
3.4,0.0,-1.527339e-28
3.4,0.2,0.04180659
3.4,0.4,0.08306624
3.4,0.6000000000000001,0.1236963
3.4,0.8,0.1635955
3.4,1.0,0.202639
3.4,1.2,0.2406709
3.4,1.4,0.2774937
3.4,1.6,0.3128524
3.4,1.8,0.346411
3.4,2.0,0.3777163
3.4,2.2,0.4061379
3.4,2.4,0.4307661
3.4,2.6,0.4502232
3.4,2.8,0.4622824
3.4,3.0,0.4646236
3.4,3.2,0.4645255
3.4,3.4,0.4645212
3.4,3.6,0.4645212
3.4,3.8,0.4645212
3.4,4.0,0.4645212
3.4,4.2,0.4645212
3.4,4.4,0.4645212
3.4,4.600000000000001,0.4645212
3.4,4.800000000000001,0.4645212
3.4,5.0,0.4645212
3.4,5.2,0.4645212
3.4,5.4,0.4645212
3.4,5.600000000000001,0.4645212
3.4,5.800000000000001,0.4645212
3.4,6.0,0.4645212
3.4,6.2,0.4645212
3.4,6.4,0.4645212
3.4,6.600000000000001,0.4645212
3.4,6.800000000000001,0.4645212
3.4,7.0,0.4645212
3.4,7.2,0.4645212
3.4,7.4,0.4645212
3.4,7.600000000000001,0.4645212
3.4,7.800000000000001,0.4645212
3.4,8.0,0.4645212
3.4,8.200000000000001,0.4645212
3.4,8.4,0.4645212
3.4,8.6,0.4645212
3.4,8.8,0.4645212
3.4,9.0,0.4645212
3.4,9.200000000000001,0.4645212
3.4,9.4,0.4645212
3.4,9.600000000000001,0.4645212
3.4,9.8,0.4645212
3.4,10.0,0.4645212
3.6,0.0,-1.527339e-28
3.6,0.2,0.04234753
3.6,0.4,0.08424821
3.6,0.6000000000000001,0.1256416
3.6,0.8,0.1664553
3.6,1.0,0.206602
3.6,1.2,0.2459755
3.6,1.4,0.2844451
3.6,1.6,0.3218478
3.6,1.8,0.3579771
3.6,2.0,0.3925672
3.6,2.2,0.4252685
3.6,2.4,0.4556104
3.6,2.6,0.4829401
3.6,2.8,0.506318
3.6,3.0,0.5243252
3.6,3.2,0.5346766
3.6,3.4,0.5360283
3.6,3.6,0.5359394
3.6,3.8,0.5359381
3.6,4.0,0.5359381
3.6,4.2,0.5359381
3.6,4.4,0.5359381
3.6,4.600000000000001,0.5359381
3.6,4.800000000000001,0.5359381
3.6,5.0,0.5359381
3.6,5.2,0.5359381
3.6,5.4,0.5359381
3.6,5.600000000000001,0.5359381
3.6,5.800000000000001,0.5359381
3.6,6.0,0.5359381
3.6,6.2,0.5359381
3.6,6.4,0.5359381
3.6,6.600000000000001,0.5359381
3.6,6.800000000000001,0.5359381
3.6,7.0,0.5359381
3.6,7.2,0.5359381
3.6,7.4,0.5359381
3.6,7.600000000000001,0.5359381
3.6,7.800000000000001,0.5359381
3.6,8.0,0.5359381
3.6,8.200000000000001,0.5359381
3.6,8.4,0.5359381
3.6,8.6,0.5359381
3.6,8.8,0.5359381
3.6,9.0,0.5359381
3.6,9.200000000000001,0.5359381
3.6,9.4,0.5359381
3.6,9.600000000000001,0.5359381
3.6,9.8,0.5359381
3.6,10.0,0.5359381
3.8,0.0,-1.527339e-28
3.8,0.2,0.04279631
3.8,0.4,0.08522066
3.8,0.6000000000000001,0.1272276
3.8,0.8,0.1687634
3.8,1.0,0.2097648
3.8,1.2,0.250156
3.8,1.4,0.2898462
3.8,1.6,0.3287249
3.8,1.8,0.366656
3.8,2.0,0.4034703
3.8,2.2,0.4389539
3.8,2.4,0.4728318
3.8,2.6,0.5047435
3.8,2.8,0.5342044
3.8,3.0,0.5605441
3.8,3.2,0.5828007
3.8,3.4,0.5995271
3.8,3.6,0.6084023
3.8,3.8,0.6091387
3.8,4.0,0.6090636
3.8,4.2,0.6090633
3.8,4.4,0.6090633
3.8,4.600000000000001,0.6090633
3.8,4.800000000000001,0.6090633
3.8,5.0,0.6090633
3.8,5.2,0.6090633
3.8,5.4,0.6090633
3.8,5.600000000000001,0.6090633
3.8,5.800000000000001,0.6090633
3.8,6.0,0.6090633
3.8,6.2,0.6090633
3.8,6.4,0.6090633
3.8,6.600000000000001,0.6090633
3.8,6.800000000000001,0.6090633
3.8,7.0,0.6090633
3.8,7.2,0.6090633
3.8,7.4,0.6090633
3.8,7.600000000000001,0.6090633
3.8,7.800000000000001,0.6090633
3.8,8.0,0.6090633
3.8,8.200000000000001,0.6090633
3.8,8.4,0.6090633
3.8,8.6,0.6090633
3.8,8.8,0.6090633
3.8,9.0,0.6090633
3.8,9.200000000000001,0.6090633
3.8,9.4,0.6090633
3.8,9.600000000000001,0.6090633
3.8,9.8,0.6090633
3.8,10.0,0.6090633
4.0,0.0,-1.527339e-28
4.0,0.2,0.04317462
4.0,0.4,0.08603481
4.0,0.6000000000000001,0.1285455
4.0,0.8,0.1706658
4.0,1.0,0.2123482
4.0,1.2,0.253537
4.0,1.4,0.2941664
4.0,1.6,0.3341579
4.0,1.8,0.3734172
4.0,2.0,0.4118301
4.0,2.2,0.4492561
4.0,2.4,0.4855207
4.0,2.6,0.5204038
4.0,2.8,0.5536228
4.0,3.0,0.5848083
4.0,3.2,0.613465
4.0,3.4,0.6389095
4.0,3.6,0.6601647
4.0,3.8,0.6757663
4.0,4.0,0.6833775
4.0,4.2,0.6837541
4.0,4.4,0.6836933
4.0,4.600000000000001,0.6836932
4.0,4.800000000000001,0.6836932
4.0,5.0,0.6836932
4.0,5.2,0.6836932
4.0,5.4,0.6836932
4.0,5.600000000000001,0.6836932
4.0,5.800000000000001,0.6836932
4.0,6.0,0.6836932
4.0,6.2,0.6836932
4.0,6.4,0.6836932
4.0,6.600000000000001,0.6836932
4.0,6.800000000000001,0.6836932
4.0,7.0,0.6836932
4.0,7.2,0.6836932
4.0,7.4,0.6836932
4.0,7.600000000000001,0.6836932
4.0,7.800000000000001,0.6836932
4.0,8.0,0.6836932
4.0,8.200000000000001,0.6836932
4.0,8.4,0.6836932
4.0,8.6,0.6836932
4.0,8.8,0.6836932
4.0,9.0,0.6836932
4.0,9.200000000000001,0.6836932
4.0,9.4,0.6836932
4.0,9.600000000000001,0.6836932
4.0,9.8,0.6836932
4.0,10.0,0.6836932
4.2,0.0,-1.527339e-28
4.2,0.2,0.04349788
4.2,0.4,0.08672646
4.2,0.6000000000000001,0.1296581
4.2,0.8,0.172261
4.2,1.0,0.2144986
4.2,1.2,0.2563286
4.2,1.4,0.2977019
4.2,1.6,0.3385609
4.2,1.8,0.3788374
4.2,2.0,0.4184507
4.2,2.2,0.4573036
4.2,2.4,0.4952784
4.2,2.6,0.532231
4.2,2.8,0.5679824
4.2,3.0,0.6023074
4.2,3.2,0.6349176
4.2,3.4,0.6654363
4.2,3.6,0.6933605
4.2,3.8,0.717998
4.2,4.0,0.7383626
4.2,4.2,0.7529828
4.2,4.4,0.7595232
4.2,4.600000000000001,0.75971
4.2,4.800000000000001,0.7596621
4.2,5.0,0.7596621
4.2,5.2,0.7596621
4.2,5.4,0.7596621
4.2,5.600000000000001,0.7596621
4.2,5.800000000000001,0.7596621
4.2,6.0,0.7596621
4.2,6.2,0.7596621
4.2,6.4,0.7596621
4.2,6.600000000000001,0.7596621
4.2,6.800000000000001,0.7596621
4.2,7.0,0.7596621
4.2,7.2,0.7596621
4.2,7.4,0.7596621
4.2,7.600000000000001,0.7596621
4.2,7.800000000000001,0.7596621
4.2,8.0,0.7596621
4.2,8.200000000000001,0.7596621
4.2,8.4,0.7596621
4.2,8.6,0.7596621
4.2,8.8,0.7596621
4.2,9.0,0.7596621
4.2,9.200000000000001,0.7596621
4.2,9.4,0.7596621
4.2,9.600000000000001,0.7596621
4.2,9.8,0.7596621
4.2,10.0,0.7596621
4.4,0.0,-1.527339e-28
4.4,0.2,0.04377729
4.4,0.4,0.08732133
4.4,0.6000000000000001,0.13061
4.4,0.8,0.1736179
4.4,1.0,0.2163166
4.4,1.2,0.258673
4.4,1.4,0.3006496
4.4,1.6,0.3422028
4.4,1.8,0.3832817
4.4,2.0,0.4238271
4.4,2.2,0.4637692
4.4,2.4,0.5030247
4.4,2.6,0.5414943
4.4,2.8,0.5790573
4.4,3.0,0.6155665
4.4,3.2,0.6508393
4.4,3.4,0.6846462
4.4,3.6,0.7166944
4.4,3.8,0.7466021
4.4,4.0,0.7738607
4.4,4.2,0.7977729
4.4,4.4,0.8173491
4.4,4.600000000000001,0.8311191
4.4,4.800000000000001,0.8367638
4.4,5.0,0.8368694
4.4,5.2,0.8368324
4.4,5.4,0.8368324
4.4,5.600000000000001,0.8368324
4.4,5.800000000000001,0.8368324
4.4,6.0,0.8368324
4.4,6.2,0.8368324
4.4,6.4,0.8368324
4.4,6.600000000000001,0.8368324
4.4,6.800000000000001,0.8368324
4.4,7.0,0.8368324
4.4,7.2,0.8368324
4.4,7.4,0.8368324
4.4,7.600000000000001,0.8368324
4.4,7.800000000000001,0.8368324
4.4,8.0,0.8368324
4.4,8.200000000000001,0.8368324
4.4,8.4,0.8368324
4.4,8.6,0.8368324
4.4,8.8,0.8368324
4.4,9.0,0.8368324
4.4,9.200000000000001,0.8368324
4.4,9.4,0.8368324
4.4,9.600000000000001,0.8368324
4.4,9.8,0.8368324
4.4,10.0,0.8368324
4.6,0.0,-1.527339e-28
4.6,0.2,0.0440212
4.6,0.4,0.08783843
4.6,0.6000000000000001,0.1314336
4.6,0.8,0.1747864
4.6,1.0,0.2178739
4.6,1.2,0.2606701
4.6,1.4,0.3031453
4.6,1.6,0.345266
4.6,1.8,0.3869931
4.6,2.0,0.428282
4.6,2.2,0.4690807
4.6,2.4,0.5093282
4.6,2.6,0.5489532
4.6,2.8,0.5878706
4.6,3.0,0.6259788
4.6,3.2,0.6631549
4.6,3.4,0.699249
4.6,3.6,0.7340757
4.6,3.8,0.7674024
4.6,4.0,0.7989326
4.6,4.2,0.8282812
4.6,4.4,0.8549365
4.6,4.600000000000001,0.8781994
4.6,4.800000000000001,0.8970811
4.6,5.0,0.9101207
4.6,5.2,0.9150349
4.6,5.4,0.9151172
4.6,5.600000000000001,0.9150887
4.6,5.800000000000001,0.9150887
4.6,6.0,0.9150887
4.6,6.2,0.9150887
4.6,6.4,0.9150887
4.6,6.600000000000001,0.9150887
4.6,6.800000000000001,0.9150887
4.6,7.0,0.9150887
4.6,7.2,0.9150887
4.6,7.4,0.9150887
4.6,7.600000000000001,0.9150887
4.6,7.800000000000001,0.9150887
4.6,8.0,0.9150887
4.6,8.200000000000001,0.9150887
4.6,8.4,0.9150887
4.6,8.6,0.9150887
4.6,8.8,0.9150887
4.6,9.0,0.9150887
4.6,9.200000000000001,0.9150887
4.6,9.4,0.9150887
4.6,9.600000000000001,0.9150887
4.6,9.8,0.9150887
4.6,10.0,0.9150887
4.8,0.0,-1.527339e-28
4.8,0.2,0.04423598
4.8,0.4,0.08829208
4.8,0.6000000000000001,0.1321534
4.8,0.8,0.1758033
4.8,1.0,0.219223
4.8,1.2,0.2623918
4.8,1.4,0.3052859
4.8,1.6,0.3478787
4.8,1.8,0.3901398
4.8,2.0,0.4320347
4.8,2.2,0.4735235
4.8,2.4,0.5145604
4.8,2.6,0.5550923
4.8,2.8,0.595057
4.8,3.0,0.6343815
4.8,3.2,0.6729792
4.8,3.4,0.7107469
4.8,3.6,0.7475598
4.8,3.8,0.7832657
4.8,4.0,0.817677
4.8,4.2,0.8505588
4.8,4.4,0.8816123
4.8,4.600000000000001,0.9104505
4.8,4.800000000000001,0.9365605
4.8,5.0,0.959244
4.8,5.2,0.9775177
4.8,5.4,0.9899361
4.8,5.600000000000001,0.9943403
4.8,5.800000000000001,0.994355
4.8,6.0,0.994333
4.8,6.2,0.994333
4.8,6.4,0.994333
4.8,6.600000000000001,0.994333
4.8,6.800000000000001,0.994333
4.8,7.0,0.994333
4.8,7.2,0.994333
4.8,7.4,0.994333
4.8,7.600000000000001,0.994333
4.8,7.800000000000001,0.994333
4.8,8.0,0.994333
4.8,8.200000000000001,0.994333
4.8,8.4,0.994333
4.8,8.6,0.994333
4.8,8.8,0.994333
4.8,9.0,0.994333
4.8,9.200000000000001,0.994333
4.8,9.4,0.994333
4.8,9.600000000000001,0.994333
4.8,9.8,0.994333
4.8,10.0,0.994333
5.0,0.0,-1.527339e-28
5.0,0.2,0.04442656
5.0,0.4,0.08869328
5.0,0.6000000000000001,0.1327877
5.0,0.8,0.1766961
5.0,1.0,0.2204031
5.0,1.2,0.2638915
5.0,1.4,0.3071422
5.0,1.6,0.3501338
5.0,1.8,0.3928421
5.0,2.0,0.4352397
5.0,2.2,0.4772956
5.0,2.4,0.5189744
5.0,2.6,0.5602356
5.0,2.8,0.6010322
5.0,3.0,0.6413102
5.0,3.2,0.6810062
5.0,3.4,0.7200461
5.0,3.6,0.758342
5.0,3.8,0.7957891
5.0,4.0,0.832261
5.0,4.2,0.8676041
5.0,4.4,0.901629
5.0,4.600000000000001,0.9340993
5.0,4.800000000000001,0.9647148
5.0,5.0,0.9930878
5.0,5.2,1.018706
5.0,5.4,1.040875
5.0,5.600000000000001,1.05862
5.0,5.800000000000001,1.070516
5.0,6.0,1.074557
5.0,6.2,1.074499
5.0,6.4,1.074481
5.0,6.600000000000001,1.074481
5.0,6.800000000000001,1.074481
5.0,7.0,1.074481
5.0,7.2,1.074481
5.0,7.4,1.074481
5.0,7.600000000000001,1.074481
5.0,7.800000000000001,1.074481
5.0,8.0,1.074481
5.0,8.200000000000001,1.074481
5.0,8.4,1.074481
5.0,8.6,1.074481
5.0,8.8,1.074481
5.0,9.0,1.074481
5.0,9.200000000000001,1.074481
5.0,9.4,1.074481
5.0,9.600000000000001,1.074481
5.0,9.8,1.074481
5.0,10.0,1.074481
5.2,0.0,-1.527339e-28
5.2,0.2,0.0445968
5.2,0.4,0.08905065
5.2,0.6000000000000001,0.1333511
5.2,0.8,0.1774865
5.2,1.0,0.221444
5.2,1.2,0.2652096
5.2,1.4,0.3087676
5.2,1.6,0.3521003
5.2,1.8,0.3951882
5.2,2.0,0.4380093
5.2,2.2,0.480539
5.2,2.4,0.5227492
5.2,2.6,0.5646085
5.2,2.8,0.6060806
5.2,3.0,0.6471242
5.2,3.2,0.6876917
5.2,3.4,0.7277281
5.2,3.6,0.7671691
5.2,3.8,0.8059396
5.2,4.0,0.8439504
5.2,4.2,0.8810956
5.2,4.4,0.9172479
5.2,4.600000000000001,0.9522522
5.2,4.800000000000001,0.985918
5.2,5.0,1.018008
5.2,5.2,1.048222
5.2,5.4,1.076172
5.2,5.600000000000001,1.101349
5.2,5.800000000000001,1.123063
5.2,6.0,1.140352
5.2,6.2,1.151815
5.2,6.4,1.155535
5.2,6.600000000000001,1.155475
5.2,6.800000000000001,1.15546
5.2,7.0,1.15546
5.2,7.2,1.15546
5.2,7.4,1.15546
5.2,7.600000000000001,1.15546
5.2,7.800000000000001,1.15546
5.2,8.0,1.15546
5.2,8.200000000000001,1.15546
5.2,8.4,1.15546
5.2,8.6,1.15546
5.2,8.8,1.15546
5.2,9.0,1.15546
5.2,9.200000000000001,1.15546
5.2,9.4,1.15546
5.2,9.600000000000001,1.15546
5.2,9.8,1.15546
5.2,10.0,1.15546
5.4,0.0,-1.527339e-28
5.4,0.2,0.0447498
5.4,0.4,0.08937099
5.4,0.6000000000000001,0.1338546
5.4,0.8,0.178191
5.4,1.0,0.2223692
5.4,1.2,0.2663774
5.4,1.4,0.3102026
5.4,1.6,0.3538302
5.4,1.8,0.3972443
5.4,2.0,0.4404268
5.4,2.2,0.4833578
5.4,2.4,0.5260149
5.4,2.6,0.568373
5.4,2.8,0.6104035
5.4,3.0,0.6520743
5.4,3.2,0.6933486
5.4,3.4,0.7341845
5.4,3.6,0.7745337
5.4,3.8,0.8143402
5.4,4.0,0.8535393
5.4,4.2,0.8920546
5.4,4.4,0.9297965
5.4,4.600000000000001,0.9666578
5.4,4.800000000000001,1.00251
5.4,5.0,1.037199
5.4,5.2,1.070531
5.4,5.4,1.10227
5.4,5.600000000000001,1.132116
5.4,5.800000000000001,1.159683
5.4,6.0,1.184465
5.4,6.2,1.205779
5.4,6.4,1.222678
5.4,6.600000000000001,1.23379
5.4,6.800000000000001,1.23728
5.4,7.0,1.23722
5.4,7.2,1.237207
5.4,7.4,1.237207
5.4,7.600000000000001,1.237207
5.4,7.800000000000001,1.237207
5.4,8.0,1.237207
5.4,8.200000000000001,1.237207
5.4,8.4,1.237207
5.4,8.6,1.237207
5.4,8.8,1.237207
5.4,9.0,1.237207
5.4,9.200000000000001,1.237207
5.4,9.4,1.237207
5.4,9.600000000000001,1.237207
5.4,9.8,1.237207
5.4,10.0,1.237207
5.6,0.0,-1.527339e-28
5.6,0.2,0.04488806
5.6,0.4,0.08965978
5.6,0.6000000000000001,0.1343075
5.6,0.8,0.1788229
5.6,1.0,0.2231968
5.6,1.2,0.2674191
5.6,1.4,0.3114789
5.6,1.6,0.3553641
5.6,1.8,0.3990612
5.6,2.0,0.4425555
5.6,2.2,0.4858306
5.6,2.4,0.5288684
5.6,2.6,0.5716482
5.6,2.8,0.6141476
5.6,3.0,0.6563407
5.6,3.2,0.6981988
5.6,3.4,0.739689
5.6,3.6,0.7807742
5.6,3.8,0.8214117
5.6,4.0,0.8615528
5.6,4.2,0.9011409
5.6,4.4,0.9401103
5.6,4.600000000000001,0.9783843
5.6,4.800000000000001,1.015872
5.6,5.0,1.052467
5.6,5.2,1.088039
5.6,5.4,1.122432
5.6,5.600000000000001,1.155456
5.6,5.800000000000001,1.186872
5.6,6.0,1.216382
5.6,6.2,1.243602
5.6,6.4,1.268031
5.6,6.600000000000001,1.288996
5.6,6.800000000000001,1.305565
5.6,7.0,1.316399
5.6,7.2,1.319736
5.6,7.4,1.319678
5.6,7.600000000000001,1.319666
5.6,7.800000000000001,1.319666
5.6,8.0,1.319666
5.6,8.200000000000001,1.319666
5.6,8.4,1.319666
5.6,8.6,1.319666
5.6,8.8,1.319666
5.6,9.0,1.319666
5.6,9.200000000000001,1.319666
5.6,9.4,1.319666
5.6,9.600000000000001,1.319666
5.6,9.8,1.319666
5.6,10.0,1.319666
5.8,0.0,-4.960243e-38
5.8,0.2,0.0450136
5.8,0.4,0.08992147
5.8,0.6000000000000001,0.134717
5.8,0.8,0.179393
5.8,1.0,0.2239416
5.8,1.2,0.2683542
5.8,1.4,0.3126215
5.8,1.6,0.3567334
5.8,1.8,0.4006784
5.8,2.0,0.4444444
5.8,2.2,0.4880177
5.8,2.4,0.5313832
5.8,2.6,0.5745243
5.8,2.8,0.6174223
5.8,3.0,0.6600567
5.8,3.2,0.7024043
5.8,3.4,0.7444389
5.8,3.6,0.7861315
5.8,3.8,0.8274487
5.8,4.0,0.868353
5.8,4.2,0.9088013
5.8,4.4,0.9487441
5.8,4.600000000000001,0.9881244
5.8,4.800000000000001,1.026876
5.8,5.0,1.064922
5.8,5.2,1.102171
5.8,5.4,1.138514
5.8,5.600000000000001,1.173824
5.8,5.800000000000001,1.207943
5.8,6.0,1.24068
5.8,6.2,1.271799
5.8,6.4,1.301003
5.8,6.600000000000001,1.327911
5.8,6.800000000000001,1.352027
5.8,7.0,1.372689
5.8,7.2,1.388984
5.8,7.4,1.399606
5.8,7.600000000000001,1.402855
5.8,7.800000000000001,1.402798
5.8,8.0,1.402786
5.8,8.200000000000001,1.402786
5.8,8.4,1.402786
5.8,8.6,1.402786
5.8,8.8,1.402786
5.8,9.0,1.402786
5.8,9.200000000000001,1.402786
5.8,9.4,1.402786
5.8,9.600000000000001,1.402786
5.8,9.8,1.402786
5.8,10.0,1.402786
6.0,0.0,-4.960243e-38
6.0,0.2,0.0451281
6.0,0.4,0.09015969
6.0,0.6000000000000001,0.135089
6.0,0.8,0.1799098
6.0,1.0,0.2246154
6.0,1.2,0.2691982
6.0,1.4,0.3136504
6.0,1.6,0.3579633
6.0,1.8,0.4021273
6.0,2.0,0.4461319
6.0,2.2,0.4899659
6.0,2.4,0.5336165
6.0,2.6,0.57707
6.0,2.8,0.6203111
6.0,3.0,0.6633227
6.0,3.2,0.7060862
6.0,3.4,0.7485803
6.0,3.6,0.7907819
6.0,3.8,0.8326644
6.0,4.0,0.8741982
6.0,4.2,0.9153498
6.0,4.4,0.956081
6.0,4.600000000000001,0.9963486
6.0,4.800000000000001,1.036103
6.0,5.0,1.075285
6.0,5.2,1.113831
6.0,5.4,1.151661
6.0,5.600000000000001,1.188684
6.0,5.800000000000001,1.224792
6.0,6.0,1.259856
6.0,6.2,1.29372
6.0,6.4,1.326192
6.0,6.600000000000001,1.357039
6.0,6.800000000000001,1.385964
6.0,7.0,1.412591
6.0,7.2,1.436432
6.0,7.4,1.456834
6.0,7.600000000000001,1.472905
6.0,7.800000000000001,1.483373
6.0,8.0,1.486593
6.0,8.200000000000001,1.486537
6.0,8.4,1.486526
6.0,8.6,1.486526
6.0,8.8,1.486526
6.0,9.0,1.486526
6.0,9.200000000000001,1.486526
6.0,9.4,1.486526
6.0,9.600000000000001,1.486526
6.0,9.8,1.486526
6.0,10.0,1.486526
6.2,0.0,-0.0
6.2,0.2,0.04523296
6.2,0.4,0.09037748
6.2,0.6000000000000001,0.1354285
6.2,0.8,0.1803806
6.2,1.0,0.2252278
6.2,1.2,0.2699639
6.2,1.4,0.3145818
6.2,1.6,0.3590742
6.2,1.8,0.4034328
6.2,2.0,0.4476488
6.2,2.2,0.4917125
6.2,2.4,0.5356132
6.2,2.6,0.5793395
6.2,2.8,0.6228785
6.2,3.0,0.6662161
6.2,3.2,0.7093369
6.2,3.4,0.7522237
6.2,3.6,0.7948573
6.2,3.8,0.8372166
6.2,4.0,0.8792776
6.2,4.2,0.9210139
6.2,4.4,0.9623955
6.2,4.600000000000001,1.003388
6.2,4.800000000000001,1.043954
6.2,5.0,1.084049
6.2,5.2,1.123624
6.2,5.4,1.162619
6.2,5.600000000000001,1.200969
6.2,5.800000000000001,1.238595
6.2,6.0,1.275406
6.2,6.2,1.311293
6.2,6.4,1.346128
6.2,6.600000000000001,1.379754
6.2,6.800000000000001,1.411982
6.2,7.0,1.442579
6.2,7.2,1.471251
6.2,7.4,1.497627
6.2,7.600000000000001,1.521226
6.2,7.800000000000001,1.541408
6.2,8.0,1.5573
6.2,8.200000000000001,1.567668
6.2,8.4,1.570909
6.2,8.6,1.570856
6.2,8.8,1.570844
6.2,9.0,1.570844
6.2,9.200000000000001,1.570844
6.2,9.4,1.570844
6.2,9.600000000000001,1.570844
6.2,9.8,1.570844
6.2,10.0,1.570844
6.4,0.0,-0.0
6.4,0.2,0.04532935
6.4,0.4,0.09057735
6.4,0.6000000000000001,0.1357395
6.4,0.8,0.1808112
6.4,1.0,0.2257871
6.4,1.2,0.2706617
6.4,1.4,0.315429
6.4,1.6,0.3600825
6.4,1.8,0.4046153
6.4,2.0,0.4490196
6.4,2.2,0.4932872
6.4,2.4,0.5374091
6.4,2.6,0.5813755
6.4,2.8,0.6251756
6.4,3.0,0.6687976
6.4,3.2,0.7122285
6.4,3.4,0.7554541
6.4,3.6,0.7984588
6.4,3.8,0.8412249
6.4,4.0,0.8837334
6.4,4.2,0.9259626
6.4,4.4,0.9678887
6.4,4.600000000000001,1.009485
6.4,4.800000000000001,1.05072
6.4,5.0,1.091561
6.4,5.2,1.131969
6.4,5.4,1.1719
6.4,5.600000000000001,1.211303
6.4,5.800000000000001,1.25012
6.4,6.0,1.288284
6.4,6.2,1.325718
6.4,6.4,1.362329
6.4,6.600000000000001,1.398009
6.4,6.800000000000001,1.43263
6.4,7.0,1.466036
6.4,7.2,1.498039
6.4,7.4,1.528407
6.4,7.600000000000001,1.556851
6.4,7.800000000000001,1.583004
6.4,8.0,1.606392
6.4,8.200000000000001,1.626389
6.4,8.4,1.642144
6.4,8.6,1.65246
6.4,8.8,1.65577
6.4,9.0,1.655719
6.4,9.200000000000001,1.655706
6.4,9.4,1.655706
6.4,9.600000000000001,1.655706
6.4,9.8,1.655706
6.4,10.0,1.655706
6.6,0.0,-0.0
6.6,0.2,0.04541826
6.6,0.4,0.09076143
6.6,0.6000000000000001,0.1360256
6.6,0.8,0.1812065
6.6,1.0,0.2262997
6.6,1.2,0.2713002
6.6,1.4,0.3162028
6.6,1.6,0.3610018
6.6,1.8,0.4056913
6.6,2.0,0.4502645
6.6,2.2,0.4947144
6.6,2.4,0.5390331
6.6,2.6,0.5832124
6.6,2.8,0.627243
6.6,3.0,0.671115
6.6,3.2,0.7148174
6.6,3.4,0.7583383
6.6,3.6,0.8016647
6.6,3.8,0.844782
6.6,4.0,0.8876744
6.6,4.2,0.9303243
6.6,4.4,0.9727121
6.6,4.600000000000001,1.014816
6.6,4.800000000000001,1.056612
6.6,5.0,1.098073
6.6,5.2,1.139169
6.6,5.4,1.179865
6.6,5.600000000000001,1.220122
6.6,5.800000000000001,1.259895
6.6,6.0,1.299135
6.6,6.2,1.337783
6.6,6.4,1.375773
6.6,6.600000000000001,1.413024
6.6,6.800000000000001,1.449447
6.6,7.0,1.484934
6.6,7.2,1.519355
6.6,7.4,1.552557
6.6,7.600000000000001,1.584352
6.6,7.800000000000001,1.614512
6.6,8.0,1.64275
6.6,8.200000000000001,1.668705
6.6,8.4,1.691912
6.6,8.6,1.711758
6.6,8.8,1.727413
6.6,9.0,1.737718
6.6,9.200000000000001,1.741142
6.6,9.4,1.741094
6.6,9.600000000000001,1.741081
6.6,9.8,1.741081
6.6,10.0,1.741081
6.8,0.0,-0.0
6.8,0.2,0.04550051
6.8,0.4,0.09093151
6.8,0.6000000000000001,0.1362895
6.8,0.8,0.1815708
6.8,1.0,0.2267712
6.8,1.2,0.2718866
6.8,1.4,0.3169124
6.8,1.6,0.3618435
6.8,1.8,0.4066747
6.8,2.0,0.4514002
6.8,2.2,0.4960138
6.8,2.4,0.5405089
6.8,2.6,0.5848781
6.8,2.8,0.6291136
6.8,3.0,0.673207
6.8,3.2,0.717149
6.8,3.4,0.7609293
6.8,3.6,0.8045371
6.8,3.8,0.8479602
6.8,4.0,0.8911853
6.8,4.2,0.9341979
6.8,4.4,0.9769819
6.8,4.600000000000001,1.019519
6.8,4.800000000000001,1.061791
6.8,5.0,1.103775
6.8,5.2,1.145446
6.8,5.4,1.186778
6.8,5.600000000000001,1.227739
6.8,5.800000000000001,1.268295
6.8,6.0,1.308408
6.8,6.2,1.348032
6.8,6.4,1.387117
6.8,6.600000000000001,1.425605
6.8,6.800000000000001,1.463428
6.8,7.0,1.500509
6.8,7.2,1.536755
6.8,7.4,1.57206
6.8,7.600000000000001,1.606295
6.8,7.800000000000001,1.639308
6.8,8.0,1.670913
6.8,8.200000000000001,1.700884
6.8,8.4,1.728937
6.8,8.6,1.754718
6.8,8.8,1.77777
6.8,9.0,1.797494
6.8,9.200000000000001,1.813084
6.8,9.4,1.823417
6.8,9.600000000000001,1.826984
6.8,9.8,1.826953
6.8,10.0,1.826938
7.0,0.0,-0.0
7.0,0.2,0.04557684
7.0,0.4,0.09108914
7.0,0.6000000000000001,0.1365338
7.0,0.8,0.1819074
7.0,1.0,0.2272065
7.0,1.2,0.2724273
7.0,1.4,0.3175655
7.0,1.6,0.362617
7.0,1.8,0.4075769
7.0,2.0,0.4524404
7.0,2.2,0.4972019
7.0,2.4,0.5418557
7.0,2.6,0.5863954
7.0,2.8,0.6308144
7.0,3.0,0.6751052
7.0,3.2,0.7192599
7.0,3.4,0.7632698
7.0,3.6,0.8071257
7.0,3.8,0.8508172
7.0,4.0,0.8943332
7.0,4.2,0.9376615
7.0,4.4,0.9807886
7.0,4.600000000000001,1.0237
7.0,4.800000000000001,1.066379
7.0,5.0,1.108809
7.0,5.2,1.150968
7.0,5.4,1.192836
7.0,5.600000000000001,1.234387
7.0,5.800000000000001,1.275594
7.0,6.0,1.316427
7.0,6.2,1.35685
7.0,6.4,1.396825
7.0,6.600000000000001,1.436307
7.0,6.800000000000001,1.475245
7.0,7.0,1.51358
7.0,7.2,1.551246
7.0,7.4,1.588165
7.0,7.600000000000001,1.624245
7.0,7.800000000000001,1.65938
7.0,8.0,1.693443
7.0,8.200000000000001,1.726282
7.0,8.4,1.757712
7.0,8.6,1.787511
7.0,8.8,1.815399
7.0,9.0,1.841028
7.0,9.200000000000001,1.86395
7.0,9.4,1.883581
7.0,9.600000000000001,1.899135
7.0,9.8,1.90953
7.0,10.0,1.913234
7.2,0.0,-0.0
7.2,0.2,0.04564786
7.2,0.4,0.09123565
7.2,0.6000000000000001,0.1367605
7.2,0.8,0.1822196
7.2,1.0,0.2276096
7.2,1.2,0.2729271
7.2,1.4,0.3181686
7.2,1.6,0.3633302
7.2,1.8,0.4084077
7.2,2.0,0.4533967
7.2,2.2,0.4982925
7.2,2.4,0.5430899
7.2,2.6,0.5877835
7.2,2.8,0.6323674
7.2,3.0,0.6768352
7.2,3.2,0.7211801
7.2,3.4,0.7653946
7.2,3.6,0.8094707
7.2,3.8,0.8533996
7.2,4.0,0.8971719
7.2,4.2,0.9407771
7.2,4.4,0.9842042
7.2,4.600000000000001,1.027441
7.2,4.800000000000001,1.070473
7.2,5.0,1.113286
7.2,5.2,1.155865
7.2,5.4,1.198189
7.2,5.600000000000001,1.240241
7.2,5.800000000000001,1.281997
7.2,6.0,1.323433
7.2,6.2,1.364521
7.2,6.4,1.40523
7.2,6.600000000000001,1.445526
7.2,6.800000000000001,1.48537
7.2,7.0,1.524715
7.2,7.2,1.563513
7.2,7.4,1.601704
7.2,7.600000000000001,1.639222
7.2,7.800000000000001,1.675988
7.2,8.0,1.711913
7.2,8.200000000000001,1.74689
7.2,8.4,1.780792
7.2,8.6,1.813469
7.2,8.8,1.844741
7.2,9.0,1.874384
7.2,9.200000000000001,1.902126
7.2,9.4,1.927623
7.2,9.600000000000001,1.950438
7.2,9.8,1.97
7.2,10.0,1.985548
7.4,0.0,-0.0
7.4,0.2,0.0457141
7.4,0.4,0.09137215
7.4,0.6000000000000001,0.1369716
7.4,0.8,0.1825098
7.4,1.0,0.2279839
7.4,1.2,0.2733908
7.4,1.4,0.3187273
7.4,1.6,0.36399
7.4,1.8,0.4091752
7.4,2.0,0.4542789
7.4,2.2,0.4992971
7.4,2.4,0.5442251
7.4,2.6,0.5890582
7.4,2.8,0.6337912
7.4,3.0,0.6784186
7.4,3.2,0.7229344
7.4,3.4,0.7673322
7.4,3.6,0.8116049
7.4,3.8,0.8557452
7.4,4.0,0.8997448
7.4,4.2,0.943595
7.4,4.4,0.9872862
7.4,4.600000000000001,1.030808
7.4,4.800000000000001,1.074149
7.4,5.0,1.117296
7.4,5.2,1.160237
7.4,5.4,1.202956
7.4,5.600000000000001,1.245436
7.4,5.800000000000001,1.28766
7.4,6.0,1.329608
7.4,6.2,1.371256
7.4,6.4,1.412581
7.4,6.600000000000001,1.453555
7.4,6.800000000000001,1.494146
7.4,7.0,1.53432
7.4,7.2,1.574038
7.4,7.4,1.613254
7.4,7.600000000000001,1.651919
7.4,7.800000000000001,1.689973
7.4,8.0,1.727351
7.4,8.200000000000001,1.763974
7.4,8.4,1.799753
7.4,8.6,1.834581
7.4,8.8,1.868335
7.4,9.0,1.900864
7.4,9.200000000000001,1.93199
7.4,9.4,1.961493
7.4,9.600000000000001,1.989106
7.4,9.8,2.014491
7.4,10.0,2.03722
7.6,0.0,-0.0
7.6,0.2,0.04577604
7.6,0.4,0.09149964
7.6,0.6000000000000001,0.1371685
7.6,0.8,0.1827803
7.6,1.0,0.2283323
7.6,1.2,0.2738219
7.6,1.4,0.3192462
7.6,1.6,0.3646021
7.6,1.8,0.4098863
7.6,2.0,0.4550953
7.6,2.2,0.5002254
7.6,2.4,0.5452727
7.6,2.6,0.5902328
7.6,2.8,0.6351013
7.6,3.0,0.6798733
7.6,3.2,0.7245435
7.6,3.4,0.7691064
7.6,3.6,0.8135558
7.6,3.8,0.8578853
7.6,4.0,0.9020879
7.6,4.2,0.9461559
7.6,4.4,0.9900813
7.6,4.600000000000001,1.033855
7.6,4.800000000000001,1.077467
7.6,5.0,1.120908
7.6,5.2,1.164165
7.6,5.4,1.207227
7.6,5.600000000000001,1.250079
7.6,5.800000000000001,1.292706
7.6,6.0,1.335092
7.6,6.2,1.377219
7.6,6.4,1.419066
7.6,6.600000000000001,1.460611
7.6,6.800000000000001,1.50183
7.6,7.0,1.542694
7.6,7.2,1.583172
7.6,7.4,1.623229
7.6,7.600000000000001,1.662827
7.6,7.800000000000001,1.70192
7.6,8.0,1.740458
7.6,8.200000000000001,1.778383
7.6,8.4,1.815628
7.6,8.6,1.852117
7.6,8.8,1.887759
7.6,9.0,1.922449
7.6,9.200000000000001,1.956065
7.6,9.4,1.988458
7.6,9.600000000000001,2.019452
7.6,9.8,2.048831
7.6,10.0,2.07633
7.8,0.0,-0.0
7.8,0.2,0.04583408
7.8,0.4,0.091619
7.8,0.6000000000000001,0.1373527
7.8,0.8,0.183033
7.8,1.0,0.2286575
7.8,1.2,0.2742239
7.8,1.4,0.3197295
7.8,1.6,0.3651715
7.8,1.8,0.410547
7.8,2.0,0.455853
7.8,2.2,0.5010859
7.8,2.4,0.5462425
7.8,2.6,0.5913188
7.8,2.8,0.6363109
7.8,3.0,0.6812144
7.8,3.2,0.7260247
7.8,3.4,0.770737
7.8,3.6,0.8153459
7.8,3.8,0.8598459
7.8,4.0,0.9042306
7.8,4.2,0.9484937
7.8,4.4,0.992628
7.8,4.600000000000001,1.036626
7.8,4.800000000000001,1.080479
7.8,5.0,1.124178
7.8,5.2,1.167714
7.8,5.4,1.211076
7.8,5.600000000000001,1.254252
7.8,5.800000000000001,1.29723
7.8,6.0,1.339996
7.8,6.2,1.382535
7.8,6.4,1.42483
7.8,6.600000000000001,1.466864
7.8,6.800000000000001,1.508614
7.8,7.0,1.55006
7.8,7.2,1.591176
7.8,7.4,1.631935
7.8,7.600000000000001,1.672304
7.8,7.800000000000001,1.712251
7.8,8.0,1.751734
7.8,8.200000000000001,1.79071
7.8,8.4,1.829128
7.8,8.6,1.86693
7.8,8.8,1.904051
7.8,9.0,1.940412
7.8,9.200000000000001,1.975926
7.8,9.4,2.010489
7.8,9.600000000000001,2.043977
7.8,9.8,2.076245
7.8,10.0,2.107119
8.0,0.0,-0.0
8.0,0.2,0.04588857
8.0,0.4,0.09173097
8.0,0.6000000000000001,0.1375253
8.0,0.8,0.1832696
8.0,1.0,0.2289618
8.0,1.2,0.2745996
8.0,1.4,0.3201807
8.0,1.6,0.3657026
8.0,1.8,0.4111626
8.0,2.0,0.456558
8.0,2.2,0.5018858
8.0,2.4,0.5471429
8.0,2.6,0.5923257
8.0,2.8,0.637431
8.0,3.0,0.6824546
8.0,3.2,0.7273927
8.0,3.4,0.7722409
8.0,3.6,0.8169945
8.0,3.8,0.8616486
8.0,4.0,0.9061977
8.0,4.2,0.9506363
8.0,4.4,0.994958
8.0,4.600000000000001,1.039156
8.0,4.800000000000001,1.083224
8.0,5.0,1.127154
8.0,5.2,1.170937
8.0,5.4,1.214564
8.0,5.600000000000001,1.258026
8.0,5.800000000000001,1.301311
8.0,6.0,1.344409
8.0,6.2,1.387306
8.0,6.4,1.429989
8.0,6.600000000000001,1.472443
8.0,6.800000000000001,1.51465
8.0,7.0,1.556592
8.0,7.2,1.59825
8.0,7.4,1.6396
8.0,7.600000000000001,1.680618
8.0,7.800000000000001,1.721275
8.0,8.0,1.761542
8.0,8.200000000000001,1.801381
8.0,8.4,1.840756
8.0,8.6,1.87962
8.0,8.8,1.917924
8.0,9.0,1.955611
8.0,9.200000000000001,1.992613
8.0,9.4,2.028856
8.0,9.600000000000001,2.06425
8.0,9.8,2.098693
8.0,10.0,2.132064
